Id,Conditions,Conclusion,CF,Justification,Source
r1,"[optic(uniaxial),ri_in(corundum),sg_in(corundum)]","species(corundum)",0.95,"Corundum is doubly refractive (uniaxial) with RI about 1.762-1.770 and SG about 4.00.","GIA Gem Encyclopedia, Gemological Institute of America (www.gia.edu)"
r2,"[optic(isotropic),ri_in(spinel),sg_in(spinel)]","species(spinel)",0.90,"Spinel is singly refractive (isotropic) with RI about 1.718 and SG about 3.60.","Webster, R. - Gems: Their Sources, Descriptions and Identification (Butterworth-Heinemann)"
r3,"[optic(isotropic),ri_in(garnet),sg_in(garnet)]","species(garnet)",0.90,"Garnets are singly refractive with RI 1.73-1.89 and SG 3.6-4.3 depending on the type.","Webster, R. - Gems: Their Sources, Descriptions and Identification (Butterworth-Heinemann)"
r4,"[optic(biaxial),ri_in(chrysoberyl),sg_in(chrysoberyl)]","species(chrysoberyl)",0.95,"Chrysoberyl is biaxial with RI about 1.746-1.755 and SG about 3.73.","GIA Gem Encyclopedia, Gemological Institute of America (www.gia.edu)"
r5,"[optic(uniaxial),ri_in(zircon),sg_in(zircon)]","species(zircon)",0.90,"High zircon is uniaxial with very high RI (often over the refractometer limit) and SG about 4.7.","Gemdat.org - gemstone property database"
r6,"[optic(biaxial),ri_in(topaz),sg_in(topaz)]","species(topaz)",0.95,"Topaz is biaxial with RI about 1.61-1.64 and SG about 3.53.","GIA Gem Encyclopedia, Gemological Institute of America (www.gia.edu)"
r7,"[optic(uniaxial),ri_in(tourmaline),sg_in(tourmaline)]","species(tourmaline)",0.90,"Tourmaline is uniaxial with RI about 1.62-1.64 and SG about 3.06.","GIA Gem Encyclopedia, Gemological Institute of America (www.gia.edu)"
r8,"[optic(uniaxial),ri_in(quartz),sg_in(quartz)]","species(quartz)",0.90,"Quartz is uniaxial with RI 1.544-1.553 and SG 2.65.","Read, P. G. - Gemmology (Butterworth-Heinemann)"
r9,"[optic(biaxial),ri_in(feldspar),sg_in(feldspar)]","species(feldspar)",0.90,"Orthoclase feldspar (moonstone) is biaxial with RI about 1.52 and SG about 2.57.","Read, P. G. - Gemmology (Butterworth-Heinemann)"
r10,"[optic(uniaxial),ri_in(beryl),sg_in(beryl)]","species(beryl)",0.90,"Beryl is uniaxial with RI about 1.57-1.60 and SG about 2.7.","Gemdat.org - gemstone property database"
r11,"[optic(isotropic),ri_in(glass),inclusion(gas_bubbles),not(species(_))]","imitation(glass)",0.85,"A singly refractive stone with a glass RI and round gas bubbles, matching no gem species, is glass.","International Gem Society (www.gemsociety.org)"
r12,"[inclusion(swirl_marks),not(species(_))]","imitation(glass)",0.80,"Swirl marks (flow lines) are typical of moulded glass.","Matlins, A. & Bonanno, A. C. - Gem Identification Made Easy (GemStone Press)"
r13,"[optic(isotropic),sg_in(cubic_zirconia)]","imitation(cubic_zirconia)",0.95,"Cubic zirconia is isotropic with an SG of 5.6-6.0, far heavier than any natural gem in scope.","GIA Gem Encyclopedia, Gemological Institute of America (www.gia.edu)"
r14,"[partial_data,not(species(_)),not(imitation(_)),gem_type(_),optic_ok(_),ri_ok(_),sg_ok(_),colour_ok(_),phenomenon_ok(_)]","candidate(_)",0.20,"When RI, SG or optic character is missing, every gem consistent with ALL the supplied properties remains a candidate.","Knowledge engineer design decision (derived from the above)"
r15,"[candidate(_),not(missing(optic)),optic_ok(_)]","candidate(_)",0.30,"A matching optic character is moderate evidence for a candidate.","Knowledge engineer design decision (derived from the above)"
r16,"[candidate(_),not(missing(ri)),ri_ok(_)]","candidate(_)",0.50,"A matching refractive index is the strongest single test in gemmology.","Read, P. G. - Gemmology (Butterworth-Heinemann)"
r17,"[candidate(_),not(missing(sg)),sg_ok(_)]","candidate(_)",0.40,"A matching specific gravity is good supporting evidence.","Read, P. G. - Gemmology (Butterworth-Heinemann)"
r18,"[candidate(_),not(missing(phenomenon)),not(phenomenon(none)),phenomenon_ok(_)]","candidate(_)",0.40,"An optical effect the species is known for is good evidence.","GIA Gem Encyclopedia, Gemological Institute of America (www.gia.edu)"
r19,"[candidate(_),typical_colour_ok(_)]","candidate(_)",0.15,"A colour that is typical for the species is weak supporting evidence.","Matlins, A. & Bonanno, A. C. - Gem Identification Made Easy (GemStone Press)"
r21,"[species(corundum),observed_colour(red),not(phenomenon(star))]","variety(ruby)",0.95,"Red corundum is called ruby.","GIA Gem Encyclopedia, Gemological Institute of America (www.gia.edu)"
r22,"[species(corundum),observed_colour(red),phenomenon(star)]","variety(star_ruby)",0.95,"Red corundum showing asterism (a star) is star ruby.","GIA Gem Encyclopedia, Gemological Institute of America (www.gia.edu)"
r23,"[species(corundum),phenomenon(star),not(observed_colour(red))]","variety(star_sapphire)",0.95,"Non-red corundum showing asterism is star sapphire.","GIA Gem Encyclopedia, Gemological Institute of America (www.gia.edu)"
r24,"[species(corundum),observed_colour(blue),not(phenomenon(star))]","variety(blue_sapphire)",0.95,"Blue corundum is blue sapphire.","GIA Gem Encyclopedia, Gemological Institute of America (www.gia.edu)"
r25,"[species(corundum),observed_colour(pink),not(phenomenon(star))]","variety(pink_sapphire)",0.85,"Pink corundum (lighter than ruby) is sold as pink sapphire.","GIA Gem Encyclopedia, Gemological Institute of America (www.gia.edu)"
r26,"[species(corundum),observed_colour(orange),not(phenomenon(star))]","variety(padparadscha)",0.70,"Pinkish-orange to orange corundum from Sri Lanka is traded as padparadscha.","GIA Gem Encyclopedia, Gemological Institute of America (www.gia.edu)"
r27,"[species(corundum),observed_colour(yellow),not(phenomenon(star))]","variety(yellow_sapphire)",0.90,"Yellow corundum is yellow sapphire.","GIA Gem Encyclopedia, Gemological Institute of America (www.gia.edu)"
r28,"[species(corundum),observed_colour(colourless),not(phenomenon(star))]","variety(white_sapphire)",0.90,"Colourless corundum is white sapphire.","GIA Gem Encyclopedia, Gemological Institute of America (www.gia.edu)"
r29,"[species(chrysoberyl),phenomenon(colour_change)]","variety(alexandrite)",0.90,"Chrysoberyl that changes colour between daylight and incandescent light is alexandrite.","GIA Gem Encyclopedia, Gemological Institute of America (www.gia.edu)"
r30,"[species(chrysoberyl),phenomenon(cats_eye)]","variety(cats_eye_chrysoberyl)",0.95,"Chrysoberyl showing chatoyancy is cat's-eye chrysoberyl (cymophane).","GIA Gem Encyclopedia, Gemological Institute of America (www.gia.edu)"
r31,"[species(feldspar),phenomenon(adularescence)]","variety(moonstone)",0.95,"Orthoclase feldspar showing adularescence is moonstone.","GIA Gem Encyclopedia, Gemological Institute of America (www.gia.edu)"
r32,"[species(quartz),observed_colour(purple)]","variety(amethyst)",0.95,"Purple quartz is amethyst.","GIA Gem Encyclopedia, Gemological Institute of America (www.gia.edu)"
r33,"[species(quartz),observed_colour(yellow)]","variety(citrine)",0.90,"Yellow quartz is citrine.","GIA Gem Encyclopedia, Gemological Institute of America (www.gia.edu)"
r34,"[species(garnet),observed_colour(orange)]","variety(hessonite)",0.85,"Orange to brownish-orange garnet is hessonite (grossular).","GIA Gem Encyclopedia, Gemological Institute of America (www.gia.edu)"
r35,"[species(garnet),observed_colour(red)]","variety(pyrope_almandine)",0.80,"Red garnet is usually of the pyrope-almandine series.","Webster, R. - Gems: Their Sources, Descriptions and Identification (Butterworth-Heinemann)"
r36,"[species(beryl),observed_colour(blue)]","variety(aquamarine)",0.90,"Blue beryl is aquamarine.","GIA Gem Encyclopedia, Gemological Institute of America (www.gia.edu)"
r37,"[species(spinel),observed_colour(red)]","variety(red_spinel)",0.90,"Red spinel is a valued variety often confused with ruby.","GIA Gem Encyclopedia, Gemological Institute of America (www.gia.edu)"
r38,"[species(zircon),observed_colour(blue)]","variety(blue_zircon)",0.85,"Blue zircon is almost always produced by heating brown zircon.","GIA Gem Encyclopedia, Gemological Institute of America (www.gia.edu)"
r41,"[species(corundum),inclusion(curved_lines)]","origin(synthetic)",0.95,"Curved growth lines (striae) are diagnostic of flame-fusion (Verneuil) synthetic corundum; natural corundum grows in straight lines.","GIA Gem Encyclopedia, Gemological Institute of America (www.gia.edu)"
r42,"[species(corundum),inclusion(gas_bubbles)]","origin(synthetic)",0.90,"Round gas bubbles in corundum indicate a flame-fusion synthetic.","GIA Gem Encyclopedia, Gemological Institute of America (www.gia.edu)"
r43,"[species(spinel),inclusion(gas_bubbles)]","origin(synthetic)",0.85,"Gas bubbles in spinel indicate flame-fusion synthetic spinel.","Webster, R. - Gems: Their Sources, Descriptions and Identification (Butterworth-Heinemann)"
r44,"[inclusion(gas_bubbles),not(species(_)),not(imitation(_))]","origin(glass_or_synthetic)",0.70,"Round gas bubbles in an unidentified stone indicate glass or a synthetic.","International Gem Society (www.gemsociety.org)"
r45,"[imitation(_)]","origin(imitation)",1.00,"An identified imitation material is not a natural gemstone.","Knowledge engineer design decision (derived from the above)"
r46,"[species(corundum),inclusion(silk)]","origin(likely_natural)",0.80,"Rutile silk is a natural inclusion in corundum.","GIA Gem Encyclopedia, Gemological Institute of America (www.gia.edu)"
r47,"[species(_),inclusion(crystals)]","origin(likely_natural)",0.70,"Included mineral crystals are a typical sign of natural growth.","Matlins, A. & Bonanno, A. C. - Gem Identification Made Easy (GemStone Press)"
r48,"[species(_),inclusion(fingerprints)]","origin(likely_natural)",0.60,"Fingerprints (healed fractures) are usually natural, although flux synthetics can show similar features.","Matlins, A. & Bonanno, A. C. - Gem Identification Made Easy (GemStone Press)"
r49,"[species(corundum),inclusion(discoid_fractures)]","treatment(likely_heated)",0.80,"Discoid fractures around crystals form when corundum is heated.","GIA Gem Encyclopedia, Gemological Institute of America (www.gia.edu)"
r50,"[treatment(likely_heated)]","origin(likely_natural)",0.90,"Heat treatment is applied to natural stones, so a heated stone is natural (but treated).","GIA Gem Encyclopedia, Gemological Institute of America (www.gia.edu)"
r51,"[species(corundum),inclusion(none)]","origin(needs_lab_test)",0.60,"Natural corundum is rarely inclusion-free; a clean stone needs a lab test to rule out a synthetic.","International Gem Society (www.gemsociety.org)"
r52,"[species(_),missing(inclusion)]","origin(undetermined)",1.00,"Without inclusion evidence the origin cannot be decided.","Knowledge engineer design decision (derived from the above)"
r53,"[species(_),inclusion(none),not(species(corundum))]","origin(undetermined)",1.00,"A clean stone of this species gives no origin evidence at loupe level.","Knowledge engineer design decision (derived from the above)"
r61,"[origin(likely_natural)]","advice(get_certificate)",1.00,"Natural stones should be certified before purchase; NGJA offers testing in Sri Lanka.","National Gem and Jewellery Authority of Sri Lanka (www.ngja.gov.lk)"
r62,"[origin(synthetic)]","advice(synthetic_price)",1.00,"Synthetic gems are far cheaper than natural ones and must be sold as synthetic.","International Gem Society (www.gemsociety.org)"
r63,"[origin(imitation)]","advice(imitation_value)",1.00,"Imitations have little gem value.","International Gem Society (www.gemsociety.org)"
r64,"[origin(glass_or_synthetic)]","advice(lab_test_bubbles)",1.00,"Stones showing gas bubbles need laboratory confirmation.","International Gem Society (www.gemsociety.org)"
r65,"[origin(needs_lab_test)]","advice(lab_test_clean)",1.00,"Clean corundum requires advanced laboratory tests to prove natural origin.","GIA Gem Encyclopedia, Gemological Institute of America (www.gia.edu)"
r66,"[origin(undetermined)]","advice(check_inclusions)",1.00,"Inclusions seen with a 10x loupe are the main field test for origin.","Matlins, A. & Bonanno, A. C. - Gem Identification Made Easy (GemStone Press)"
r67,"[treatment(likely_heated)]","advice(disclose_heat)",1.00,"Treatments must be disclosed to the buyer.","National Gem and Jewellery Authority of Sri Lanka (www.ngja.gov.lk)"
r68,"[variety(alexandrite)]","advice(check_colour_change)",1.00,"Alexandrite is identified by its daylight/incandescent colour change.","GIA Gem Encyclopedia, Gemological Institute of America (www.gia.edu)"
r69,"[variety(padparadscha)]","advice(padparadscha_cert)",1.00,"The padparadscha name is reserved for a specific colour range.","GIA Gem Encyclopedia, Gemological Institute of America (www.gia.edu)"
r70,"[candidate(_)]","advice(measure_more)",1.00,"Additional measurements are needed to narrow down the candidates.","Knowledge engineer design decision (derived from the above)"
r71,"[ambiguous_species]","advice(re_measure)",1.00,"Overlapping readings must be resolved by more precise measurement.","Knowledge engineer design decision (derived from the above)"
r72,"[not(species(_)),not(candidate(_)),not(imitation(_))]","advice(no_match)",1.00,"When no rule identifies the stone, the system must not guess.","Knowledge engineer design decision (derived from the above)"
